Phone Number,Created At,Companies - Account â†’ Name
6048764759,"Nov 11, 2024, 02:13 AM",Campos PLC
8924115781,"Mar 18, 2025, 09:10 PM","Durham, Levy and Woods"
0801609753,"Jul 15, 2025, 06:32 PM","Walker, Pratt and Thomas"
1158714841,"Oct 11, 2024, 01:16 PM","Payne, Roberts and Davis"
5934232094,"Apr 14, 2025, 05:28 AM",Mcdowell Inc
8684833969,"Apr 07, 2025, 01:14 AM","Davies, Stark and Leon"
5917953304,"May 29, 2025, 05:21 AM",Cook Inc
2309891013,"Dec 23, 2024, 01:38 PM",Wood Inc
9032173008,"Jun 14, 2025, 06:28 AM",Jones-Jones
5620870916,"Jul 10, 2025, 08:54 PM","Harrison, Barrera and Hudson"
0225841972,"Jul 09, 2025, 04:49 AM","Golden, Lowery and Banks"
4280715084,"Dec 08, 2024, 10:16 AM","Roberts, Howard and Arroyo"
4661093523,"Apr 26, 2025, 12:14 PM","Carroll, Perry and Morales"
0271427878,"Feb 01, 2025, 05:08 PM",Collins-Owens
3812066503,"Mar 19, 2025, 08:07 AM",Lee PLC
4421761047,"Apr 04, 2025, 10:59 AM","Roth, Newman and Wilson"
4000348559,"Apr 27, 2025, 06:57 AM","Orr, Bowman and Watson"
3694022455,"May 23, 2025, 07:59 AM","Johnson, Nelson and Hernandez"
5682417304,"Nov 19, 2024, 04:23 AM",Houston-Evans
1877551717,"Dec 01, 2024, 06:29 PM","Mcdaniel, Moore and Jackson"
1113306016,"Jan 14, 2025, 08:02 PM",Kramer-Klein
6153492635,"Jul 10, 2025, 07:58 AM","Hayes, Rhodes and Wilson"
4303921376,"Sep 03, 2024, 07:36 AM","Bird, Hernandez and Sullivan"
8757738930,"Aug 07, 2024, 09:53 AM","Hernandez, Scott and Mueller"
9471180132,"May 15, 2025, 08:45 AM",Rivera-Martin
7586880918,"Jul 11, 2025, 09:47 AM",Roberts PLC
7699300248,"Aug 19, 2024, 02:55 AM",Heath-Hahn
6660223450,"Sep 17, 2024, 08:37 AM",Wu-Guzman
2560976701,"Aug 06, 2024, 05:54 AM","Williamson, Soto and Garcia"
3671097951,"Jul 13, 2025, 05:44 PM",Lloyd-Stark
8306753751,"Oct 31, 2024, 07:40 PM",Duffy Ltd
3188684126,"Jul 23, 2025, 01:10 AM",Perry Inc
2076607541,"Dec 11, 2024, 03:47 AM","Johnson, Bailey and Smith"
5192303104,"Oct 23, 2024, 01:44 AM",Lopez Inc
5420355744,"Mar 11, 2025, 10:38 PM",Garcia PLC
2622358332,"Apr 08, 2025, 04:43 AM",Callahan PLC
6112648629,"Aug 26, 2024, 11:25 AM",Wallace LLC
6606573547,"Nov 09, 2024, 04:51 AM",Grant Ltd
7626623758,"Mar 26, 2025, 09:27 PM","Miller, Fischer and Phillips"
9703414892,"Apr 14, 2025, 12:23 AM",Wolf-Hall
4014004689,"May 10, 2025, 01:39 PM",Gomez-Savage
9101448518,"Jan 01, 2025, 05:48 PM",Campbell-Taylor
8168644759,"Apr 21, 2025, 08:06 AM",James PLC
2845763778,"Jan 13, 2025, 01:30 AM",Thomas-Simpson
0576081160,"Mar 22, 2025, 06:17 PM",Key Ltd
3294316756,"Apr 02, 2025, 07:08 AM","Graham, West and Fletcher"
2327566763,"Mar 09, 2025, 10:09 AM","Williams, Price and Young"
2502394918,"Jan 18, 2025, 02:54 PM",Welch PLC
9774735400,"Jul 26, 2024, 03:24 AM",Pena-Taylor
3968373591,"Nov 27, 2024, 01:13 AM","Bryant, Nguyen and Johnson"
3513853344,"Oct 31, 2024, 12:42 PM",Cooper-Marquez
4810777067,"Aug 26, 2024, 09:17 PM",Allen and Sons
3791686023,"Jun 16, 2025, 12:56 AM",Michael-Flores
1849834789,"Nov 07, 2024, 11:36 AM",Smith PLC
2633408860,"Sep 08, 2024, 01:25 PM","Cunningham, Hall and Moran"
3318453574,"Jun 04, 2025, 02:42 AM",Tran LLC
9026228123,"Oct 24, 2024, 12:36 AM","Anderson, Hall and Cruz"
7190895774,"Apr 04, 2025, 03:29 AM",Guerrero Group
8514296354,"Aug 08, 2024, 12:10 PM",Barber-Nixon
7345240598,"Aug 02, 2024, 04:14 AM",Burton-Johnson
0351056237,"Nov 22, 2024, 06:54 PM",Banks Ltd
6064887091,"Jul 25, 2024, 08:17 PM","Taylor, Melton and Palmer"
1532302821,"Mar 22, 2025, 02:52 PM","Ellis, Hernandez and Guzman"
5600715427,"Sep 25, 2024, 03:54 PM","Mullins, Morgan and Pratt"
0484870898,"Dec 25, 2024, 01:34 AM","Wilson, Reed and Williams"
0494388564,"Nov 29, 2024, 01:55 PM",Willis Ltd
2250909255,"Feb 01, 2025, 07:43 PM",Burke-Archer
2907250749,"Jul 23, 2025, 04:10 AM",Ramirez-Greer
1291889664,"Jan 07, 2025, 03:06 AM","Ramirez, Scott and Rose"
5362082965,"Jul 13, 2025, 11:45 PM",Fields-Lindsey
0582357039,"May 15, 2025, 01:04 AM",Miller-West
8132716644,"Nov 28, 2024, 10:15 PM",Parker Group
4366660975,"Apr 26, 2025, 01:31 PM",Murphy-Johnson
8201955013,"Aug 10, 2024, 09:12 AM",Hebert-Kirk
5624629264,"Sep 11, 2024, 07:57 AM",Lozano Ltd
8086259118,"May 31, 2025, 09:42 AM",Murphy-Erickson
8727820928,"Oct 07, 2024, 01:08 PM","Gibbs, Carr and Burnett"
5278081850,"Mar 17, 2025, 01:59 PM",Hudson-Rogers
8512502205,"Jan 01, 2025, 08:32 AM","Brown, Collins and Price"
9251607599,"Jun 19, 2025, 09:24 AM",Gutierrez-Johnson
3615110502,"Nov 27, 2024, 12:02 AM",Gibbs-Reese
7108640811,"Jan 23, 2025, 04:54 PM",Moore PLC
0065282222,"Aug 02, 2024, 09:34 PM",Benjamin-Garrett
0334523532,"Jun 30, 2025, 12:59 AM","Taylor, Cunningham and Smith"
6220058000,"Sep 19, 2024, 11:54 PM",Nunez Group
6695325838,"Dec 29, 2024, 11:53 PM","Hopkins, Church and Reynolds"
3763637691,"Dec 16, 2024, 12:41 AM","Johnson, Carr and Wells"
4095618026,"Jan 08, 2025, 06:44 PM",Reeves PLC
2257629481,"Mar 25, 2025, 06:19 PM",Miranda-Mccoy
3429546048,"Nov 06, 2024, 03:12 AM",Luna-Reed
1952069671,"May 02, 2025, 04:04 PM","Taylor, Hernandez and Martin"
8275945164,"Nov 30, 2024, 11:48 AM","Neal, Barr and Rollins"
3656784661,"Mar 08, 2025, 05:50 AM","Walters, Pollard and Keith"
3998149261,"Jul 06, 2025, 05:10 AM",Roth-Castillo
7594732881,"Jun 11, 2025, 12:02 AM","Atkinson, Johns and Holmes"
7640926279,"Mar 31, 2025, 06:20 PM","Sullivan, Hall and Marks"
7914878674,"Dec 13, 2024, 03:01 AM",Turner PLC
7117696814,"Nov 16, 2024, 08:41 PM",Ward Inc
0298300689,"Feb 26, 2025, 10:38 PM",Baxter-Cooper
0337443075,"Aug 23, 2024, 05:40 PM",Berry-Perez
